INSERT IGNORE INTO restaurants (id, name, image, description, lowest_price, highest_price, postal_code, address, phone_number, opening_time,closing_time,category_id,seating_capacity)VALUES(1, 'ほろ酔いや', 'image1.jpg','日本酒や焼酎などのお酒と共に、手軽な和食料理を提供する',1000,5000, '460-0001','名古屋市栄区栄1-栄1', '052-345-0001','10:00:00','22:00:00',1,20);
INSERT IGNORE INTO restaurants (id, name, image, description, lowest_price, highest_price, postal_code, address, phone_number, opening_time,closing_time,category_id,seating_capacity)VALUES(2, '炭火焼肉 炎の舞', 'image2.jpg','新鮮な肉を炭火で焼き上げる。美味しい焼肉を楽しめる',2000,6000, '460-0002','名古屋市栄区新栄町2-新栄町2', '052-345-0002','11:00:00','23:00:00',2,21);
INSERT IGNORE INTO restaurants (id, name, image, description, lowest_price, highest_price, postal_code, address, phone_number, opening_time,closing_time,category_id,seating_capacity)VALUES(3, 'すし処 鮨喜', 'image3.jpg','新鮮なネタを使った手巻き寿司や握り寿司を提供する',3000,7000, '460-0003','名古屋市栄区大須3-大須3', '052-345-0003','12:00:00','23:00:00',3,22);
INSERT IGNORE INTO restaurants (id, name, image, description, lowest_price, highest_price, postal_code, address, phone_number, opening_time,closing_time,category_id,seating_capacity)VALUES(4, 'お食事処 五穀', 'image4.jpg','地元産の食材を使ったバランスの良い定食を提供する',1000,8000, '460-0004','名古屋市栄区丸の内4-丸の内4', '052-345-0004','13:00:00','22:00:00',4,23);
INSERT IGNORE INTO restaurants (id, name, image, description, lowest_price, highest_price, postal_code, address, phone_number, opening_time,closing_time,category_id,seating_capacity)VALUES(5, 'スパイスワールド', 'image5.jpg','世界各国のスパイスを使った様々な種類のカレーを提供する',2000,9000, '460-0005','名古屋市千種区池下5-池下5', '052-345-0005','14:00:00','23:00:00',5,24);
INSERT IGNORE INTO restaurants (id, name, image, description, lowest_price, highest_price, postal_code, address, phone_number, opening_time,closing_time,category_id,seating_capacity)VALUES(6, 'ほっと一息', 'image6.jpg','ホットコーヒーや紅茶、軽食などを提供し、リラックスできる空間を提供する',3000,10000, '460-0006','名古屋市千種区星が丘6-星が丘6', '052-345-0006','15:00:00','23:00:00',6,25);
INSERT IGNORE INTO restaurants (id, name, image, description, lowest_price, highest_price, postal_code, address, phone_number, opening_time,closing_time,category_id,seating_capacity)VALUES(7, '龍門', 'image7.jpg','本格的な中華料理を提供するレストラン',1000,5000, '460-0007','名古屋市千種区千種7-千種7', '052-345-0007','16:00:00','22:00:00',7,26);
INSERT IGNORE INTO restaurants (id, name, image, description, lowest_price, highest_price, postal_code, address, phone_number, opening_time,closing_time,category_id,seating_capacity)VALUES(8, 'ベッラトラットリア', 'image8.jpg','本場イタリアの味を楽しめる、アットホームな雰囲気のイタリアンレストラン',2000,6000, '460-0008','名古屋市北区名城8-名城8', '052-345-0008','17:00:00','23:00:00',8,27);
INSERT IGNORE INTO restaurants (id, name, image, description, lowest_price, highest_price, postal_code, address, phone_number, opening_time,closing_time,category_id,seating_capacity)VALUES(9, 'ル・プチボヌール', 'image9.jpg','フランス料理の技法を取り入れた、上質な料理を提供する',3000,7000, '460-0009','名古屋市北区黒川9-黒川9', '052-345-0009','18:00:00','23:00:00',9,28);
INSERT IGNORE INTO restaurants (id, name, image, description, lowest_price, highest_price, postal_code, address, phone_number, opening_time,closing_time,category_id,seating_capacity)VALUES(10, 'サングリアハウス', 'image10.jpg','本場のパエリアやタパス、サングリアなどを提供する',1000,8000, '460-0000','名古屋市北区平安10-平安10', '052-345-0010','19:00:00','22:00:00',10,29);
INSERT IGNORE INTO restaurants (id, name, image, description, lowest_price, highest_price, postal_code, address, phone_number, opening_time,closing_time,category_id,seating_capacity)VALUES(11, 'ソウルキッチン', 'image11.jpg','韓国の伝統料理やバーベキューを提供し、韓国の味を楽しめる',2000,9000, '460-0001','名古屋市西区名西11-名西11', '052-345-0011','10:00:00','23:00:00',11,30);
INSERT IGNORE INTO restaurants (id, name, image, description, lowest_price, highest_price, postal_code, address, phone_number, opening_time,closing_time,category_id,seating_capacity)VALUES(12, 'タイムタイム', 'image12.jpg','タイの風味豊かな料理を提供する。スパイシーな料理が特徴',3000,10000, '460-0002','名古屋市西区庄内緑地12-庄内緑地12', '052-345-0012','11:00:00','23:00:00',12,31);
INSERT IGNORE INTO restaurants (id, name, image, description, lowest_price, highest_price, postal_code, address, phone_number, opening_time,closing_time,category_id,seating_capacity)VALUES(13, '海の宝石', 'image13.jpg','新鮮な海の幸を使った料理を提供する',1000,5000, '460-0003','名古屋市西区城西13-城西13', '052-345-0013','12:00:00','22:00:00',13,32);
INSERT IGNORE INTO restaurants (id, name, image, description, lowest_price, highest_price, postal_code, address, phone_number, opening_time,closing_time,category_id,seating_capacity)VALUES(14, 'プライムグリル', 'image14.jpg','上質な肉を使ったステーキやグリル料理を提供する',2000,6000, '460-0004','名古屋市東区車道14-車道14', '052-345-0014','13:00:00','23:00:00',14,33);
INSERT IGNORE INTO restaurants (id, name, image, description, lowest_price, highest_price, postal_code, address, phone_number, opening_time,closing_time,category_id,seating_capacity)VALUES(15, 'ホームメイドハンバーグ', 'image15.jpg','手作りのジューシーなハンバーグを提供する',3000,7000, '460-0005','名古屋市東区東桜15-東桜15', '052-345-0015','14:00:00','23:00:00',15,34);
INSERT IGNORE INTO restaurants (id, name, image, description, lowest_price, highest_price, postal_code, address, phone_number, opening_time,closing_time,category_id,seating_capacity)VALUES(16, 'ジャンクハウス', 'image16.jpg','ボリュームたっぷりのハンバーガーやサイドメニューを提供する',1000,8000, '460-0006','名古屋市東区白壁16-白壁16', '052-345-0016','15:00:00','22:00:00',16,35);
INSERT IGNORE INTO restaurants (id, name, image, description, lowest_price, highest_price, postal_code, address, phone_number, opening_time,closing_time,category_id,seating_capacity)VALUES(17, '月光蕎麦', 'image17.jpg','地元で採れたそば粉を使った蕎麦を提供する',2000,9000, '460-0007','名古屋市南区戸田17-戸田17', '052-345-0017','16:00:00','23:00:00',17,36);
INSERT IGNORE INTO restaurants (id, name, image, description, lowest_price, highest_price, postal_code, address, phone_number, opening_time,closing_time,category_id,seating_capacity)VALUES(18, 'ふわふわ亭', 'image18.jpg','ふわふわとした食感が特徴のお好み焼きを提供する',3000,10000, '460-0008','名古屋市南区昭和橋18-昭和橋18', '052-345-0018','17:00:00','23:00:00',18,37);
INSERT IGNORE INTO restaurants (id, name, image, description, lowest_price, highest_price, postal_code, address, phone_number, opening_time,closing_time,category_id,seating_capacity)VALUES(19, 'たこやき一番星', 'image19.jpg','モチモチとした食感のたこ焼きを提供する',1000,5000, '460-0009','名古屋市南区笠寺19-笠寺19', '052-345-0019','18:00:00','22:00:00',19,38);
INSERT IGNORE INTO restaurants (id, name, image, description, lowest_price, highest_price, postal_code, address, phone_number, opening_time,closing_time,category_id,seating_capacity)VALUES(20, '食卓鍋', 'image20.jpg','季節の野菜や肉を使った美味しい鍋料理を提供する',2000,6000, '460-0000','名古屋市港区名古屋港20-名古屋港20', '052-345-0020','19:00:00','23:00:00',20,39);
INSERT IGNORE INTO restaurants (id, name, image, description, lowest_price, highest_price, postal_code, address, phone_number, opening_time,closing_time,category_id,seating_capacity)VALUES(21, 'カクテルラウンジ ムーンライト', 'image21.jpg','カクテルやお酒を楽しむラウンジスペースを提供する',3000,7000, '460-0001','名古屋市港区稲永21-稲永21', '052-345-0021','10:00:00','23:00:00',21,40);
INSERT IGNORE INTO restaurants (id, name, image, description, lowest_price, highest_price, postal_code, address, phone_number, opening_time,closing_time,category_id,seating_capacity)VALUES(22, 'ベーカリー パンの庭', 'image22.jpg','焼きたてのパンやスイーツを提供する',1000,8000, '460-0002','名古屋市港区港明22-港明22', '052-345-0022','11:00:00','22:00:00',22,41);
INSERT IGNORE INTO restaurants (id, name, image, description, lowest_price, highest_price, postal_code, address, phone_number, opening_time,closing_time,category_id,seating_capacity)VALUES(23, '甘味処 シュガーハウス', 'image23.jpg','様々な種類のスイーツを提供する',2000,9000, '460-0003','名古屋市緑区徳重23-徳重23', '052-345-0023','12:00:00','23:00:00',23,42);
INSERT IGNORE INTO restaurants (id, name, image, description, lowest_price, highest_price, postal_code, address, phone_number, opening_time,closing_time,category_id,seating_capacity)VALUES(24, '鳥萬家', 'image24.jpg','串焼きや焼き鳥を提供する',3000,10000, '460-0004','名古屋市緑区鳴海24-鳴海24', '052-345-0024','13:00:00','23:00:00',24,43);
INSERT IGNORE INTO restaurants (id, name, image, description, lowest_price, highest_price, postal_code, address, phone_number, opening_time,closing_time,category_id,seating_capacity)VALUES(25, '和牛すき焼き屋 金富士', 'image25.jpg','上質な和牛を使ったすき焼きを提供する',1000,5000, '460-0005','名古屋市緑区大高25-大高25', '052-345-0025','14:00:00','22:00:00',25,44);
INSERT IGNORE INTO restaurants (id, name, image, description, lowest_price, highest_price, postal_code, address, phone_number, opening_time,closing_time,category_id,seating_capacity)VALUES(26, '和牛しゃぶしゃぶ館', 'image26.jpg','上質な和牛を使ったしゃぶしゃぶを提供する',2000,6000, '460-0006','名古屋市名東区藤が丘26-藤が丘26', '052-345-0026','15:00:00','23:00:00',26,45);
INSERT IGNORE INTO restaurants (id, name, image, description, lowest_price, highest_price, postal_code, address, phone_number, opening_time,closing_time,category_id,seating_capacity)VALUES(27, '天丼や', 'image27.jpg','揚げたての天ぷらや天丼を提供する',3000,7000, '460-0007','名古屋市名東区一社27-一社27', '052-345-0027','16:00:00','23:00:00',27,46);
INSERT IGNORE INTO restaurants (id, name, image, description, lowest_price, highest_price, postal_code, address, phone_number, opening_time,closing_time,category_id,seating_capacity)VALUES(28, '鉄板焼き鉄人', 'image28.jpg','シェフが目の前で調理する鉄板焼きを提供する',1000,8000, '460-0008','名古屋市名東区上社28-上社28', '052-345-0028','17:00:00','22:00:00',28,47);
INSERT IGNORE INTO restaurants (id, name, image, description, lowest_price, highest_price, postal_code, address, phone_number, opening_time,closing_time,category_id,seating_capacity)VALUES(29, 'ほろ酔い亭', 'image29.jpg','ほろ酔いながら和食を楽しめる居酒屋',2000,9000, '460-0009','名古屋市守山区小幡緑地29-小幡緑地29', '052-345-0029','18:00:00','23:00:00',1,48);
INSERT IGNORE INTO restaurants (id, name, image, description, lowest_price, highest_price, postal_code, address, phone_number, opening_time,closing_time,category_id,seating_capacity)VALUES(30, '炭火焼肉家 炎の舞', 'image30.jpg','炭火で焼き上げる美味しい焼肉を提供する焼肉店',3000,10000, '460-0000','名古屋市守山区守山30-守山30', '052-345-0030','19:00:00','23:00:00',2,49);
INSERT IGNORE INTO restaurants (id, name, image, description, lowest_price, highest_price, postal_code, address, phone_number, opening_time,closing_time,category_id,seating_capacity)VALUES(31, 'すし処 海音', 'image31.jpg','新鮮なネタを使った手巻き寿司や握り寿司を提供する寿司店',1000,5000, '460-0001','名古屋市守山区大森・金城学院31-大森・金城学院31', '052-345-0031','10:00:00','22:00:00',3,20);
INSERT IGNORE INTO restaurants (id, name, image, description, lowest_price, highest_price, postal_code, address, phone_number, opening_time,closing_time,category_id,seating_capacity)VALUES(32, '鉄板焼き 楽の空間', 'image32.jpg','鉄板で調理する美味しい料理を楽しめる鉄板焼きレストラン',2000,6000, '460-0002','名古屋市瑞穂区瑞穂公園32-瑞穂公園32', '052-345-0032','11:00:00','23:00:00',28,21);
INSERT IGNORE INTO restaurants (id, name, image, description, lowest_price, highest_price, postal_code, address, phone_number, opening_time,closing_time,category_id,seating_capacity)VALUES(33, '定食の庭', 'image33.jpg','地元産の食材を使ったバランスの良い定食を提供する定食屋',3000,7000, '460-0003','名古屋市瑞穂区山崎川33-山崎川33', '052-345-0033','12:00:00','23:00:00',4,22);
INSERT IGNORE INTO restaurants (id, name, image, description, lowest_price, highest_price, postal_code, address, phone_number, opening_time,closing_time,category_id,seating_capacity)VALUES(34, 'カレーの家' , 'image34.jpg','世界各国のスパイスを使った様々な種類のカレーを提供するカレー店',1000,8000, '460-0004','名古屋市瑞穂区瑞穂運動場34-瑞穂運動場34', '052-345-0034','13:00:00','22:00:00',5,23);
INSERT IGNORE INTO restaurants (id, name, image, description, lowest_price, highest_price, postal_code, address, phone_number, opening_time,closing_time,category_id,seating_capacity)VALUES(35, 'ほっと一息喫茶', 'image35.jpg','ホットコーヒーや紅茶、軽食などを提供し、リラックスできる空間を提供する喫茶店',2000,9000, '460-0005','名古屋市天白区平針35-平針35', '052-345-0035','14:00:00','23:00:00',6,24);
INSERT IGNORE INTO restaurants (id, name, image, description, lowest_price, highest_price, postal_code, address, phone_number, opening_time,closing_time,category_id,seating_capacity)VALUES(36, '中華龍の宴', 'image36.jpg','本格的な中華料理を提供する中華料理店',3000,10000, '460-0006','名古屋市天白区塩釜口36-塩釜口36', '052-345-0036','15:00:00','23:00:00',7,25);
INSERT IGNORE INTO restaurants (id, name, image, description, lowest_price, highest_price, postal_code, address, phone_number, opening_time,closing_time,category_id,seating_capacity)VALUES(37, 'イタリアン ベラヴィスタ', 'image37.jpg','本場イタリアの味を楽しめる、アットホームな雰囲気のイタリアンレストラン',1000,5000, '460-0007','名古屋市天白区植田37-植田37', '052-345-0037','16:00:00','22:00:00',8,26);
INSERT IGNORE INTO restaurants (id, name, image, description, lowest_price, highest_price, postal_code, address, phone_number, opening_time,closing_time,category_id,seating_capacity)VALUES(38, '桜花居酒屋', 'image38.jpg','桜の花のように美しい料理を楽しめる居酒屋',2000,6000, '460-0008','名古屋市昭和区御器所38-御器所38', '052-345-0038','17:00:00','23:00:00',1,27);
INSERT IGNORE INTO restaurants (id, name, image, description, lowest_price, highest_price, postal_code, address, phone_number, opening_time,closing_time,category_id,seating_capacity)VALUES(39, '炎の炭火焼肉屋', 'image39.jpg','炭火で焼き上げる美味しい焼肉を提供する焼肉店',3000,7000, '460-0009','名古屋市昭和区八事39-八事39', '052-345-0039','18:00:00','23:00:00',2,28);
INSERT IGNORE INTO restaurants (id, name, image, description, lowest_price, highest_price, postal_code, address, phone_number, opening_time,closing_time,category_id,seating_capacity)VALUES(40, '寿司屋 うみごころ', 'image40.jpg','海の心から生まれる新鮮なネタを使った手巻き寿司や握り寿司を提供する寿司店',1000,8000, '460-0000','名古屋市昭和区向山40-向山40', '052-345-0040','19:00:00','22:00:00',3,29);
INSERT IGNORE INTO restaurants (id, name, image, description, lowest_price, highest_price, postal_code, address, phone_number, opening_time,closing_time,category_id,seating_capacity)VALUES(41, '定食のみやび', 'image41.jpg','上品でバランスの良い定食を提供する定食屋',2000,9000, '460-0001','名古屋市熱田区熱田神宮41-熱田神宮41', '052-345-0041','10:00:00','23:00:00',4,30);
INSERT IGNORE INTO restaurants (id, name, image, description, lowest_price, highest_price, postal_code, address, phone_number, opening_time,closing_time,category_id,seating_capacity)VALUES(42, 'カレーの宝石', 'image42.jpg','豊かなスパイスの輝きを楽しめるカレー店',3000,10000, '460-0002','名古屋市熱田区金山42-金山42', '052-345-0042','11:00:00','23:00:00',5,31);
INSERT IGNORE INTO restaurants (id, name, image, description, lowest_price, highest_price, postal_code, address, phone_number, opening_time,closing_time,category_id,seating_capacity)VALUES(43, 'ホッとカフェ', 'image43.jpg','ほっと一息つける、くつろげるカフェ',1000,5000, '460-0003','名古屋市熱田区西高蔵43-西高蔵43', '052-345-0043','12:00:00','22:00:00',6,32);
INSERT IGNORE INTO restaurants (id, name, image, description, lowest_price, highest_price, postal_code, address, phone_number, opening_time,closing_time,category_id,seating_capacity)VALUES(44, '中華風ライオン', 'image44.jpg','中華料理の伝統と力強さが融合する中華料理店',2000,6000, '460-0004','名古屋市昭和区平安44-平安44', '052-345-0044','13:00:00','23:00:00',7,33);
INSERT IGNORE INTO restaurants (id, name, image, description, lowest_price, highest_price, postal_code, address, phone_number, opening_time,closing_time,category_id,seating_capacity)VALUES(45, 'イタリア風 ラ・テラッツァ', 'image45.jpg','イタリアの風情漂う、テラス席でのんびりと楽しめるイタリアンレストラン',3000,7000, '460-0005','名古屋市緑区南山田45-南山田45', '052-345-0045','14:00:00','23:00:00',8,34);
INSERT IGNORE INTO restaurants (id, name, image, description, lowest_price, highest_price, postal_code, address, phone_number, opening_time,closing_time,category_id,seating_capacity)VALUES(46, 'フランスの絵画', 'image46.jpg','絵画のように美しいフランス料理を提供するレストラン',1000,8000, '460-0006','名古屋市昭和区富士見46-富士見46', '052-345-0046','15:00:00','22:00:00',9,35);
INSERT IGNORE INTO restaurants (id, name, image, description, lowest_price, highest_price, postal_code, address, phone_number, opening_time,closing_time,category_id,seating_capacity)VALUES(47, '休んでってや', 'image47.jpg','くつろぎの空間で癒しの時間を過ごせる店',2000,9000, '460-0007','名古屋市港区浜町47-浜町47', '052-345-0047','16:00:00','23:00:00',1,36);
INSERT IGNORE INTO restaurants (id, name, image, description, lowest_price, highest_price, postal_code, address, phone_number, opening_time,closing_time,category_id,seating_capacity)VALUES(48, 'いっぱいどうや', 'image48.jpg','ボリューム満点の料理が楽しめる店',3000,10000, '460-0008','名古屋市中川区亀島48-亀島48', '052-345-0048','17:00:00','23:00:00',1,37);
INSERT IGNORE INTO restaurants (id, name, image, description, lowest_price, highest_price, postal_code, address, phone_number, opening_time,closing_time,category_id,seating_capacity)VALUES(49, '夜の食堂', 'image49.jpg','夜にぴったりの美味しい料理を提供する食堂',1000,5000, '460-0009','名古屋市瑞穂区神宮前49-神宮前49', '052-345-0049','18:00:00','22:00:00',4,38);
INSERT IGNORE INTO restaurants (id, name, image, description, lowest_price, highest_price, postal_code, address, phone_number, opening_time,closing_time,category_id,seating_capacity)VALUES(50, 'カリカレー', 'image50.jpg','カリブ海の風味を感じるスパイシーなカレーを提供する店',2000,6000, '460-0000','名古屋市天白区曙50-曙50', '052-345-0050','19:00:00','23:00:00',5,39);
INSERT IGNORE INTO roles (id, name) VALUES (1, 'ROLE_FREE_MEMBER');
INSERT IGNORE INTO roles (id, name) VALUES (2, 'ROLE_PAID_MEMBER');
INSERT IGNORE INTO roles (id, name) VALUES (3, 'ROLE_ADMIN');	
INSERT IGNORE INTO nagoyameshiusers (name, kana, email, email_verified_at, password, role_id, postal_code, address, phone_number, birthday, occupation, remember_token, enabled)VALUES('侍 翼', 'サムライツバサ', 'taro.samurai@example.com', '2024-01-26', '$2a$10$2JNjTwZBwo7fprL2X4sv.OEKqxnVtsVQvuXDkI8xVGix.U3W5B7CO', 1, '1234567', '東京都1-1-1', '123-4567-8901', '1990-01-01', '会社員', 'remember_token_1', true);
INSERT IGNORE INTO nagoyameshiusers (name, kana, email, email_verified_at, password, role_id, postal_code, address, phone_number, birthday, occupation, remember_token, enabled)VALUES('侍 空', 'サムライクウ', 'ku.samurai@example.com', '2024-01-26', '$2a$10$2JNjTwZBwo7fprL2X4sv.OEKqxnVtsVQvuXDkI8xVGix.U3W5B7CO', 3, '1234567', '東京都1-1-1', '123-4567-8901', '2001-12-01', 'アルバイト', 'remember_token_1', true);
INSERT IGNORE INTO nagoyameshiusers (name, kana, email, email_verified_at, password, role_id, postal_code, address, phone_number, birthday, occupation, remember_token, enabled)VALUES('侍 太郎', 'サムライタロウ', 'samurai@example.com', '2024-01-26', '$2a$10$2JNjTwZBwo7fprL2X4sv.OEKqxnVtsVQvuXDkI8xVGix.U3W5B7CO', 3, '1234567', '東京都1-1-1', '123-4567-8901', '2001-01-01', '会社員', 'remember_token_1', true);
INSERT IGNORE INTO categories (id, name, image_name) VALUES (1, '居酒屋', 'izakaya.jpg');
INSERT IGNORE INTO categories (id, name, image_name) VALUES (2, '焼肉', 'yakiniku.jpg');
INSERT IGNORE INTO categories (id, name, image_name) VALUES (3, '寿司', 'sushi.jpg');
INSERT IGNORE INTO categories (id, name, image_name) VALUES (4, '定食', 'teishoku.jpg');
INSERT IGNORE INTO categories (id, name, image_name) VALUES (5, 'カレー', 'curry.jpg');
INSERT IGNORE INTO categories (id, name, image_name) VALUES (6, '喫茶店', 'coffee_shop.jpg');
INSERT IGNORE INTO categories (id, name, image_name) VALUES (7, '中華料理', 'chinese_food.jpg');
INSERT IGNORE INTO categories (id, name, image_name) VALUES (8, 'イタリア料理', 'italian_food.jpg');
INSERT IGNORE INTO categories (id, name, image_name) VALUES (9, 'フランス料理', 'french_food.jpg');
INSERT IGNORE INTO categories (id, name, image_name) VALUES (10, 'スペイン料理', 'spanish_food.jpg');
INSERT IGNORE INTO categories (id, name, image_name) VALUES (11, '韓国料理', 'korean_food.jpg');
INSERT IGNORE INTO categories (id, name, image_name) VALUES (12, 'タイ料理', 'thai_food.jpg');
INSERT IGNORE INTO categories (id, name, image_name) VALUES (13, '海鮮料理', 'seafood.jpg');
INSERT IGNORE INTO categories (id, name, image_name) VALUES (14, 'ステーキ', 'steak.jpg');
INSERT IGNORE INTO categories (id, name, image_name) VALUES (15, 'ハンバーグ', 'hamburger_steak.jpg');
INSERT IGNORE INTO categories (id, name, image_name) VALUES (16, 'ハンバーガー', 'hamburger.jpg');
INSERT IGNORE INTO categories (id, name, image_name) VALUES (17, 'そば', 'soba.jpg');
INSERT IGNORE INTO categories (id, name, image_name) VALUES (18, 'お好み焼き', 'okonomiyaki.jpg');
INSERT IGNORE INTO categories (id, name, image_name) VALUES (19, 'たこ焼き', 'takoyaki.jpg');
INSERT IGNORE INTO categories (id, name, image_name) VALUES (20, '鍋料理', 'nabe.jpg');
INSERT IGNORE INTO categories (id, name, image_name) VALUES (21, 'バー', 'bar.jpg');
INSERT IGNORE INTO categories (id, name, image_name) VALUES (22, 'パン', 'bread.jpg');
INSERT IGNORE INTO categories (id, name, image_name) VALUES (23, 'スイーツ', 'sweets.jpg');
INSERT IGNORE INTO categories (id, name, image_name) VALUES (24, '焼き鳥', 'yakitori.jpg');
INSERT IGNORE INTO categories (id, name, image_name) VALUES (25, 'すき焼き', 'sukiyaki.jpg');
INSERT IGNORE INTO categories (id, name, image_name) VALUES (26, 'しゃぶしゃぶ', 'shabushabu.jpg');
INSERT IGNORE INTO categories (id, name, image_name) VALUES (27, '天ぷら', 'tempura.jpg');
INSERT IGNORE INTO categories (id, name, image_name) VALUES (28, '鉄板焼き', 'teppanyaki.jpg');
INSERT IGNORE INTO regular_holidays (id,day)VALUES(1,'月');
INSERT IGNORE INTO regular_holidays (id,day)VALUES(2,'火');
INSERT IGNORE INTO regular_holidays (id,day)VALUES(3,'水');
INSERT IGNORE INTO regular_holidays (id,day)VALUES(4,'木');
INSERT IGNORE INTO regular_holidays (id,day)VALUES(5,'金');
INSERT IGNORE INTO regular_holidays (id,day)VALUES(6,'土');
INSERT IGNORE INTO regular_holidays (id,day)VALUES(7,'日');
INSERT IGNORE INTO regular_holidays (id,day)VALUES(8,'不定休');
INSERT IGNORE INTO regular_holidays (id,day)VALUES(9,'年中無休');
INSERT IGNORE INTO companies (id, name, postal_code, address, representative, founding_date, capital, business, number_of_employees, created_at, updated_at) VALUES (1, 'NAGOYAMEI株式会社', '101-0022', '〒101-0022 東京都千代田区神田練塀町300番地 住友不動産秋葉原駅前ビル5F', '侍 太郎', '2015-03-19', '110,000千円', '飲食店等の情報提供サービス', '83名', '2024-02-01 00:00:00', '2024-02-02 15:07:35');
INSERT IGNORE INTO terms (id, content) VALUES (1,'  第1条（適用） この利用規約は、ユーザーとNAGOYAMESHI株式会社（以下、「当社」）との間のウェブサイトサービスの利用に適用されます。当社は必要に応じて個別規定を設けることがあり、これらは本規約の一部とみなされます。本規約と個別規定が矛盾する場合、個別規定が優先されます。  第2条（利用登録 利用登録を希望するユーザーは、当社が定めた方法に従って申請し、承認されることで登録が完了します。当社は、虚偽の情報提供、過去の規約違反、その他不適切と判断される場合に登録申請を拒否できます。  第3条（ユーザーIDおよびパスワードの管理) ユーザーは、自身のユーザーIDとパスワードを適切に管理し、他人と共有したり譲渡したりしてはいけません。ユーザーIDとパスワードが他人によって使用された場合、当社は責任を負いません。  第4条（利用料金および支払方法） ユーザーは、サービスの一部を利用するために当社が指定する利用料金を支払う義務があります。支払遅延時には遅延損害金が発生することがあります。  第5条（禁止事項） ユーザーは、法令違反、犯罪行為、知的財産権侵害、サーバーへの妨害、商業的な情報利用、不正アクセス、個人情報の収集、不正利用、他ユーザーへの迷惑行為など一連の行為を禁止されています。  第6条（本サービスの提供の停止等） 当社は事前通知なしに、サービス提供を停止または中断できる場合があります。不可抗力、保守、天災、事故、その他の理由が該当します。  第7条（利用制限および登録抹消） ユーザーが規約違反、虚偽情報提供、支払不履行、連絡不応、一定期間の非利用、その他不適切と判断される場合、登録制限または抹消が行われる可能性があります。  第8条（退会） ユーザーは、当社の定める退会手続きにより、サービスから退会できます。  第9条（保証の否認および免責事項） 当社は、サービスに瑕疵がないことを保証せず、サービスに起因する損害について一切の責任を負いません。ただし、消費者契約法に適用される場合を除きます。  第10条（サービス内容の変更等） 当社は通告を行い、サービスの  内容を変更、追加、廃止できる権利を持ちます。  第11条（利用規約の変更） 当社はユーザーの合意なしに規約を変更できる場合があります。ただし、一般の利益に適合し、合理的な変更である場合に限ります。  第12条（個人情報の取扱い） ユーザーの個人情報は、プライバシーポリシーに従って適切に取り扱われます。  第13条（通知または連絡） ユーザーと当社との連絡は当社が指定する方法で行われ、現在登録されている連絡先が有効とみなされます。  第14条（権利義務の譲渡の禁止） ユーザーは権利や義務を第三者に譲渡または担保供与することはできません。  第15条（準拠法・裁判管轄） 本規約の解釈には日本法が適用され、紛争が生じた場合には当社の本店所在地を管轄する裁判所が専属的な裁判管轄となります。');

INSERT IGNORE INTO reviews (id, content, score, restaurant_id, user_id, created_at, updated_at) VALUES 
(1, 'とても美味しかったです。また利用させていただきます。', 5, 1, 1, '2022-09-20 09:19:27', '2022-09-20 09:19:27'),
(2, '名古屋では有名な格安で焼肉食べ放題のお店。タイミングよく仕事で行く機会があったので、地元の友人と一緒に来店しました。店内は広くゆったりとできます。', 5, 20, 1, '2022-09-20 09:19:29', '2022-09-20 09:19:29'),
(3, '名古屋では有名な格安で焼肉食べ放題のお店。タイミングよく仕事で行く機会があったので、地元の友人と一緒に来店しました。店内は広くゆったりとできます。', 1, 49, 1, '2022-09-20 09:19:29', '2022-09-20 09:19:29'),
(4, '名古屋では有名な格安で焼肉食べ放題のお店。タイミングよく仕事で行く機会があったので、地元の友人と一緒に来店しました。店内は広くゆったりとできます。', 2, 37, 1, '2022-09-20 09:19:29', '2022-09-20 09:19:29'),
(5, '名古屋では有名な格安で焼肉食べ放題のお店。タイミングよく仕事で行く機会があったので、地元の友人と一緒に来店しました。店内は広くゆったりとできます。', 5, 32, 1, '2022-09-20 09:19:29', '2022-09-20 09:19:29'),
(6, '名古屋では有名な格安で焼肉食べ放題のお店。タイミングよく仕事で行く機会があったので、地元の友人と一緒に来店しました。店内は広くゆったりとできます。', 3, 37, 1, '2022-09-20 09:19:29', '2022-09-20 09:19:29'),
(7, '名古屋では有名な格安で焼肉食べ放題のお店。タイミングよく仕事で行く機会があったので、地元の友人と一緒に来店しました。店内は広くゆったりとできます。', 1, 21, 1, '2022-09-20 09:19:29', '2022-09-20 09:19:29'),
(8, '名古屋では有名な格安で焼肉食べ放題のお店。タイミングよく仕事で行く機会があったので、地元の友人と一緒に来店しました。店内は広くゆったりとできます。', 5, 45, 1, '2022-09-20 09:19:29', '2022-09-20 09:19:29'),
(9, '名古屋では有名な格安で焼肉食べ放題のお店。タイミングよく仕事で行く機会があったので、地元の友人と一緒に来店しました。店内は広くゆったりとできます。', 2, 23, 1, '2022-09-20 09:19:29', '2022-09-20 09:19:29'),
(10, '名古屋では有名な格安で焼肉食べ放題のお店。タイミングよく仕事で行く機会があったので、地元の友人と一緒に来店しました。店内は広くゆったりとできます。', 1, 8, 1, '2022-09-20 09:19:29', '2022-09-20 09:19:29'),
(11, '名古屋では有名な格安で焼肉食べ放題のお店。タイミングよく仕事で行く機会があったので、地元の友人と一緒に来店しました。店内は広くゆったりとできます。', 3, 28, 1, '2022-09-20 09:19:29', '2022-09-20 09:19:29'),
(12, '名古屋では有名な格安で焼肉食べ放題のお店。タイミングよく仕事で行く機会があったので、地元の友人と一緒に来店しました。店内は広くゆったりとできます。', 1, 11, 1, '2022-09-20 09:19:29', '2022-09-20 09:19:29'),
(13, '名古屋では有名な格安で焼肉食べ放題のお店。タイミングよく仕事で行く機会があったので、地元の友人と一緒に来店しました。店内は広くゆったりとできます。', 2, 12, 1, '2022-09-20 09:19:29', '2022-09-20 09:19:29'),
(14, '名古屋では有名な格安で焼肉食べ放題のお店。タイミングよく仕事で行く機会があったので、地元の友人と一緒に来店しました。店内は広くゆったりとできます。', 5, 43, 1, '2022-09-20 09:19:29', '2022-09-20 09:19:29'),
(15, '名古屋では有名な格安で焼肉食べ放題のお店。タイミングよく仕事で行く機会があったので、地元の友人と一緒に来店しました。店内は広くゆったりとできます。', 4, 30, 1, '2022-09-20 09:19:29', '2022-09-20 09:19:29'),
(16, '名古屋では有名な格安で焼肉食べ放題のお店。タイミングよく仕事で行く機会があったので、地元の友人と一緒に来店しました。店内は広くゆったりとできます。', 4, 9, 1, '2022-09-20 09:19:29', '2022-09-20 09:19:29'),
(17, '名古屋では有名な格安で焼肉食べ放題のお店。タイミングよく仕事で行く機会があったので、地元の友人と一緒に来店しました。店内は広くゆったりとできます。', 3, 7, 1, '2022-09-20 09:19:29', '2022-09-20 09:19:29'),
(18, '名古屋では有名な格安で焼肉食べ放題のお店。タイミングよく仕事で行く機会があったので、地元の友人と一緒に来店しました。店内は広くゆったりとできます。', 4, 13, 1, '2022-09-20 09:19:29', '2022-09-20 09:19:29'),
(19, '名古屋では有名な格安で焼肉食べ放題のお店。タイミングよく仕事で行く機会があったので、地元の友人と一緒に来店しました。店内は広くゆったりとできます。', 5, 28, 1, '2022-09-20 09:19:29', '2022-09-20 09:19:29'),
(20, '名古屋では有名な格安で焼肉食べ放題のお店。タイミングよく仕事で行く機会があったので、地元の友人と一緒に来店しました。店内は広くゆったりとできます。', 5, 32, 1, '2022-09-20 09:19:29', '2022-09-20 09:19:29'),
(21, '名古屋では有名な格安で焼肉食べ放題のお店。タイミングよく仕事で行く機会があったので、地元の友人と一緒に来店しました。店内は広くゆったりとできます。', 4, 20, 1, '2022-09-20 09:19:29', '2022-09-20 09:19:29'),
(22, '名古屋では有名な格安で焼肉食べ放題のお店。タイミングよく仕事で行く機会があったので、地元の友人と一緒に来店しました。店内は広くゆったりとできます。', 2, 36, 1, '2022-09-20 09:19:29', '2022-09-20 09:19:29'),
(23, '名古屋では有名な格安で焼肉食べ放題のお店。タイミングよく仕事で行く機会があったので、地元の友人と一緒に来店しました。店内は広くゆったりとできます。', 1, 14, 1, '2022-09-20 09:19:29', '2022-09-20 09:19:29'),
(24, '名古屋では有名な格安で焼肉食べ放題のお店。タイミングよく仕事で行く機会があったので、地元の友人と一緒に来店しました。店内は広くゆったりとできます。', 4, 8, 1, '2022-09-20 09:19:29', '2022-09-20 09:19:29'),
(25, '名古屋では有名な格安で焼肉食べ放題のお店。タイミングよく仕事で行く機会があったので、地元の友人と一緒に来店しました。店内は広くゆったりとできます。', 2, 35, 1, '2022-09-20 09:19:29', '2022-09-20 09:19:29'),
(26, '名古屋では有名な格安で焼肉食べ放題のお店。タイミングよく仕事で行く機会があったので、地元の友人と一緒に来店しました。店内は広くゆったりとできます。', 2, 36, 1, '2022-09-20 09:19:29', '2022-09-20 09:19:29'),
(27, '名古屋では有名な格安で焼肉食べ放題のお店。タイミングよく仕事で行く機会があったので、地元の友人と一緒に来店しました。店内は広くゆったりとできます。', 4, 14, 1, '2022-09-20 09:19:29', '2022-09-20 09:19:29'),
(28, '名古屋では有名な格安で焼肉食べ放題のお店。タイミングよく仕事で行く機会があったので、地元の友人と一緒に来店しました。店内は広くゆったりとできます。', 3, 25, 1, '2022-09-20 09:19:29', '2022-09-20 09:19:29'),
(29, '名古屋では有名な格安で焼肉食べ放題のお店。タイミングよく仕事で行く機会があったので、地元の友人と一緒に来店しました。店内は広くゆったりとできます。', 2, 16, 1, '2022-09-20 09:19:29', '2022-09-20 09:19:29'),
(30, '名古屋では有名な格安で焼肉食べ放題のお店。タイミングよく仕事で行く機会があったので、地元の友人と一緒に来店しました。店内は広くゆったりとできます。', 3, 23, 1, '2022-09-20 09:19:29', '2022-09-20 09:19:29'),
(31, '名古屋では有名な格安で焼肉食べ放題のお店。タイミングよく仕事で行く機会があったので、地元の友人と一緒に来店しました。店内は広くゆったりとできます。', 1, 46, 1, '2022-09-20 09:19:29', '2022-09-20 09:19:29'),
(32, '名古屋では有名な格安で焼肉食べ放題のお店。タイミングよく仕事で行く機会があったので、地元の友人と一緒に来店しました。店内は広くゆったりとできます。', 2, 9, 1, '2022-09-20 09:19:29', '2022-09-20 09:19:29'),
(33, '名古屋では有名な格安で焼肉食べ放題のお店。タイミングよく仕事で行く機会があったので、地元の友人と一緒に来店しました。店内は広くゆったりとできます。', 4, 5, 1, '2022-09-20 09:19:29', '2022-09-20 09:19:29'),
(34, '名古屋では有名な格安で焼肉食べ放題のお店。タイミングよく仕事で行く機会があったので、地元の友人と一緒に来店しました。店内は広くゆったりとできます。', 2, 40, 1, '2022-09-20 09:19:29', '2022-09-20 09:19:29'),
(35, '名古屋では有名な格安で焼肉食べ放題のお店。タイミングよく仕事で行く機会があったので、地元の友人と一緒に来店しました。店内は広くゆったりとできます。', 2, 32, 1, '2022-09-20 09:19:29', '2022-09-20 09:19:29'),
(36, '名古屋では有名な格安で焼肉食べ放題のお店。タイミングよく仕事で行く機会があったので、地元の友人と一緒に来店しました。店内は広くゆったりとできます。', 3, 12, 1, '2022-09-20 09:19:29', '2022-09-20 09:19:29'),
(37, '名古屋では有名な格安で焼肉食べ放題のお店。タイミングよく仕事で行く機会があったので、地元の友人と一緒に来店しました。店内は広くゆったりとできます。', 1, 20, 1, '2022-09-20 09:19:29', '2022-09-20 09:19:29'),
(38, '名古屋では有名な格安で焼肉食べ放題のお店。タイミングよく仕事で行く機会があったので、地元の友人と一緒に来店しました。店内は広くゆったりとできます。', 2, 34, 1, '2022-09-20 09:19:29', '2022-09-20 09:19:29'),
(39, '名古屋では有名な格安で焼肉食べ放題のお店。タイミングよく仕事で行く機会があったので、地元の友人と一緒に来店しました。店内は広くゆったりとできます。', 4, 50, 1, '2022-09-20 09:19:29', '2022-09-20 09:19:29'),
(40, '名古屋では有名な格安で焼肉食べ放題のお店。タイミングよく仕事で行く機会があったので、地元の友人と一緒に来店しました。店内は広くゆったりとできます。', 1, 5, 1, '2022-09-20 09:19:29', '2022-09-20 09:19:29'),
(41, '名古屋では有名な格安で焼肉食べ放題のお店。タイミングよく仕事で行く機会があったので、地元の友人と一緒に来店しました。店内は広くゆったりとできます。', 4, 22, 1, '2022-09-20 09:19:29', '2022-09-20 09:19:29'),
(42, '名古屋では有名な格安で焼肉食べ放題のお店。タイミングよく仕事で行く機会があったので、地元の友人と一緒に来店しました。店内は広くゆったりとできます。', 2, 39, 1, '2022-09-20 09:19:29', '2022-09-20 09:19:29'),
(43, '名古屋では有名な格安で焼肉食べ放題のお店。タイミングよく仕事で行く機会があったので、地元の友人と一緒に来店しました。店内は広くゆったりとできます。', 3, 46, 1, '2022-09-20 09:19:29', '2022-09-20 09:19:29'),
(44, '名古屋では有名な格安で焼肉食べ放題のお店。タイミングよく仕事で行く機会があったので、地元の友人と一緒に来店しました。店内は広くゆったりとできます。', 3, 39, 1, '2022-09-20 09:19:29', '2022-09-20 09:19:29'),
(45, '名古屋では有名な格安で焼肉食べ放題のお店。タイミングよく仕事で行く機会があったので、地元の友人と一緒に来店しました。店内は広くゆったりとできます。', 1, 30, 1, '2022-09-20 09:19:29', '2022-09-20 09:19:29'),
(46, '名古屋では有名な格安で焼肉食べ放題のお店。タイミングよく仕事で行く機会があったので、地元の友人と一緒に来店しました。店内は広くゆったりとできます。', 4, 35, 1, '2022-09-20 09:19:29', '2022-09-20 09:19:29'),
(47, '名古屋では有名な格安で焼肉食べ放題のお店。タイミングよく仕事で行く機会があったので、地元の友人と一緒に来店しました。店内は広くゆったりとできます。', 4, 2, 1, '2022-09-20 09:19:29', '2022-09-20 09:19:29'),
(48, '名古屋では有名な格安で焼肉食べ放題のお店。タイミングよく仕事で行く機会があったので、地元の友人と一緒に来店しました。店内は広くゆったりとできます。', 4, 3, 1, '2022-09-20 09:19:29', '2022-09-20 09:19:29'),
(49, '名古屋では有名な格安で焼肉食べ放題のお店。タイミングよく仕事で行く機会があったので、地元の友人と一緒に来店しました。店内は広くゆったりとできます。', 4, 19, 1, '2022-09-20 09:19:29', '2022-09-20 09:19:29'),
(50, '名古屋では有名な格安で焼肉食べ放題のお店。タイミングよく仕事で行く機会があったので、地元の友人と一緒に来店しました。店内は広くゆったりとできます。', 4, 49, 1, '2022-09-20 09:19:29', '2022-09-20 09:19:29');

